<?xml version="1.0" encoding="UTF-8" standalone="yes"?>
<window id="10000">
    <!--
    The window element defines the overall structure of the 'now playing' GUI window.
    - id: A unique identifier for the window.
    -->
    <controls>
        <!--
        The controls element contains all the UI controls for the window.
        -->
        <label>
            <!--
            The label element defines a text label to be displayed in the window.
            - position: Specifies the position of the label. 'center' positions it in the middle of the screen.
            - size: Specifies the dimensions of the label. Adjusted for readability on different screen sizes.
            - alignment: Specifies the text alignment within the label. 'center' aligns the text to the center.
            - text: The actual text to be displayed in the label.
            - font: Specifies the font to be used for the label text.
            -->
            <position>center</position>
            <size>720,60</size>
            <alignment>center</alignment>
            <text>KLMS Now Playing</text>
            <font>font14</font>
        </label>
    </controls>
</window>

